,KICH,BLCA,READ,SKCM,PAAD,LGG,LUSC,LUAD,ESCA,OV,THCA,KIRC,SARC,UCEC,STAD,HNSC,UCS,CESC,CHOL,DLBC,LAML,KIRP,COAD,PCPG,THYM,GBM,UVM,MESO,ACC,LIHC,BRCA
ENSG00000215301.9,60.548526979191166,76.38949495131234,86.14687428009447,77.08910588353056,77.62811802284844,95.17557624682955,90.10775170252064,80.42899564101185,124.82038800217228,46.61432159291359,81.01407880053821,111.64137643931946,89.19373886663244,63.19669178595723,84.18758455550326,99.01312822071291,65.07508346436977,94.76757512671931,75.0297655054789,58.29592737349467,199.70671055878654,77.09929421646017,84.9641176424278,71.40297712713445,72.64581423710452,87.94760138696168,38.87863451751404,60.86599156127798,63.91441415988222,39.133411469014,100.79572090272038
ENSG00000007952.17,0.020999734017068363,1.733260549559165,112.89144432195772,0.025534078084977856,1.4783603809895542,0.06342218658891094,0.10104037261241591,0.8324934545847377,3.2333530535756028,0.07945933453804863,0.12798433895182548,0.028142723252883188,0.08959686136786059,0.06597185426103007,4.803891140345998,0.036884837699927044,0.05174077628942612,0.5111222843892812,0.5694852634651013,0.06739956472649059,0.03074679265673602,0.0423889413976625,88.52613086724192,0.07100010698597248,0.09292974257689228,0.07942615859938008,0.03499985021445115,1.6747388778566639,0.044720889900711124,0.10883211571093335,0.05775133135571944
ENSG00000185753.12,7.816012674193059,8.141798278843869,11.787194158477217,7.844387998082763,9.496105368766381,7.978923796190249,9.070466697944504,9.713821360642457,12.174146314569253,8.621000409504587,9.051915901945751,12.199532375847749,8.327797258263244,8.39889308091556,10.366443021055444,6.672691326905245,7.16489734900917,7.741381350379048,13.581386669924893,11.785457045208855,19.34453807871918,10.602818126515878,11.839500635529348,4.679539753809595,9.954834403892239,8.010127582106717,3.0329880689935744,7.230381636216064,7.907739846493507,4.786326438598774,9.076246068184567
ENSG00000130234.10,0.12599961317449693,3.136562373388102,18.508692486752143,0.0852237605776724,6.332679781792067,0.1439107447630185,2.4327224990853074,3.845831342813904,6.909896783262233,0.4339694793994071,0.9524412937783656,41.330953191064296,0.22564155262162192,1.0859010027703144,5.846595886344065,2.7603779212100283,0.5678491187713244,2.543594847846192,22.779335806139805,0.02659992709417214,0.04694930582219896,69.4655365291834,19.56405673815488,0.17499924933316893,0.8157424428245426,0.13118579532864427,0.1234004499334121,0.07412449313814193,45.571200474479944,1.9110837332568364,1.7835902514253932
ENSG00000169906.5,0.0009999891070171,0.47467873462046645,2.0060291340696192,0.0022422534048590287,0.24962645997311514,0.002199986441238066,0.012854786519144611,0.5951388552342975,0.10792436390201829,0.02958557709595435,0.004831503684303281,1.5133967343460897,0.02805097261246046,0.7560848448064186,0.7778360274916731,0.002153818876373025,0.312112346032312,0.028920512178967683,0.023499372700347097,0.003400068944676975,0.28403863591977646,0.10349883173037995,0.10348028722572787,0.004899947105395907,0.0009999891070171015,0.0009999891070171013,0.0009999891070171,0.005375104103401521,0.03425565746675802,0.0035833332143193693,9.616780644501393
ENSG00000259849.1,0.0009999891070171,0.004018851860136418,0.0009999891070171009,0.027086836662121302,0.0009999891070171004,0.0012666474559886378,0.009306495209348396,0.0028369431535843637,0.002923007511756302,0.0029187358224004277,0.001027162068961057,0.001109875370702562,0.01351787553574473,0.00308095465663778,0.0037083219449253082,0.00815385266338882,0.005629649517199094,0.00199007956850073,0.0009999891070171,0.0033999174875107476,0.0009999891070171004,0.005583391721510157,0.001459297198003695,0.0010999856069708713,0.00117542156307635,0.0015555400790642424,0.0009999891070171,0.0009999891070171,0.0009999891070171009,0.0012499803569015289,0.0021767401470546986
ENSG00000147381.11,0.002874973637676207,24.91961038986102,0.5712251341997513,29.775768611174442,0.5542474057676335,0.01995559250376496,70.81012312448424,12.60692495581715,29.107877502455974,8.10812065130143,0.0033097430312784564,0.05215321190662411,1.0176540691671312,7.375641338352715,19.322303582432827,43.48474107253455,15.839594961314075,12.791444638363792,0.0034999170828652988,0.01299985998080383,0.0027721818857941523,0.208222015656062,0.43593259217668795,0.5947905715256251,2.2252742221907003,0.005814745179209274,0.0009999891070171,0.010374855983033998,0.09542112178427624,1.1614167554426424,3.51717073296845
ENSG00000005889.15,5.957271373677992,6.341247325179643,6.734565238575661,7.793430039939007,6.704223525625794,10.161018342451836,9.791032277116937,7.674642879680213,18.564138737658276,7.762530976054527,7.633916595567899,9.561415839768113,11.651866588764145,5.926773955991034,12.762260832955372,7.998378955898369,6.441751273005532,8.532017872741829,9.376000618336246,5.1265851574687815,30.283939193944214,6.801556504197651,6.716471670518178,5.434434027633533,8.97902352446712,9.548223330366072,3.942984802696409,6.197242372007657,4.726551107423763,5.325056639848606,14.131333579882545
ENSG00000130985.16,162.48945313529455,160.46377658588648,161.1842213560379,167.94344145447235,126.90726514432318,171.47694943356709,147.40746794206274,134.0622333458571,236.9731647451486,245.0973534810357,168.48424950935882,121.52157556545042,192.1949294623385,196.0434131896224,172.11157664811904,164.36565992328192,204.41648755656382,163.9250396650338,153.57708007355654,179.57698592112774,157.75393120284915,158.14885631219752,162.33452118993537,128.78444989944535,143.47838563239466,175.94551293268685,113.7659681310506,153.2541630974374,169.29917881161083,81.65201834725552,171.35300927481597
ENSG00000072501.17,13.26406275796011,19.727734348697673,40.64481372992568,31.90808913258286,17.71161503053367,24.45067504905405,37.2872922010579,24.07065082107833,51.47069473103789,18.794433796559943,13.58742707871987,22.322769839898697,41.3513339539403,17.077501653327417,43.29483554540559,35.61526934029332,19.645542234086275,35.6849853797937,21.463992915025962,28.40906464134472,61.642338730588094,17.891831262564477,43.29623196490201,12.308776037288963,21.226150323198922,21.321881358034258,12.053805398109173,13.264081016320738,11.82147485654234,13.263776307746241,35.04722334504238
ENSG00000169239.12,4.3178786610201865,2.119932319454609,2.6583775849773286,8.1157992543466,3.545247494442979,4.631339921376881,4.160020147641363,3.22778017788568,5.902908443134221,2.5938867257379847,3.9360907416414115,4.217650333197846,8.070844153522986,2.1437812573118062,6.162202775015604,2.581509666034925,1.9476687804572757,2.646390578999827,3.0229854494792168,1.2798103287321698,30.38343855753338,3.107187703696994,2.277900643444995,2.647438713112187,2.474156501217033,5.50185989264788,3.869392717395777,1.6778774096123819,6.2556518182655045,1.1991608121794672,5.022589596253025
ENSG00000176774.5,0.0022499453564392507,0.0058113127203773774,0.007428568872695894,0.027149408553723598,0.001999969851518328,0.0009999891070170978,0.0066451156768918326,0.0024233448237383497,0.007923041022504223,0.015005612159618539,0.0011358545377867148,0.0077032660383124585,0.0035179362162381473,0.010511135019784899,0.010027740346908613,0.009538359783082371,0.019518315794320954,0.0016600491864474196,0.0009999891070171,0.0013999751068321884,0.0009999891070171004,0.07266672792997816,0.0026141495155572116,0.001799971417154749,0.006438519818650312,0.001370350746592798,0.0021999792066389303,0.005999988191086001,0.12890619674915516,0.0009999891070170991,0.011333315413537149
ENSG00000126012.11,24.11414261753834,34.1048434158536,40.74293081591135,41.10272899527946,33.44829182392207,39.86226124286968,40.80451974024818,35.65359067460572,53.49923893488328,28.395825067875464,31.425878684845433,32.896014046244154,46.46495339695456,33.34678300595142,35.469900677614895,39.3565722690461,37.08792399224026,37.81312464802405,38.76255409396283,29.076805349008133,74.38056070314796,32.10314340874147,41.86276547748047,32.78749543354832,40.58799408879769,33.29463534776226,26.62694599097167,29.435966646771117,29.80449363277088,17.050829033635306,38.93798196480238
ENSG00000102032.12,38.918853200523806,10.168022433686874,6.80194755286628,98.98316116696591,13.103666340866951,20.320349656904767,14.382523639901041,20.374981574984677,5.168706281232981,7.3717338093112925,13.68501322100043,27.572541758787366,22.306002733772463,11.612860195333173,8.38208756357654,6.967520586171337,11.219004632544808,9.723557130208524,24.6351495124432,39.91489647259277,16.5574539381849,49.275007329011714,7.03320861258574,29.37575685795155,19.278894297272796,23.280290877425045,163.0794766928722,10.498529847380945,29.725896513336963,15.79288028519213,9.202125444079414
ENSG00000186312.10,11.091066258294715,15.125787992346556,14.414129079426218,29.28119711114592,13.192476659258926,22.985754114059848,21.01638611916697,15.006656594470632,23.277185856647016,20.114358456868867,11.600537863912109,14.28764924088209,28.87144040762867,19.93126626005144,20.959368613217336,15.880301201759718,24.368618230712563,21.57597182432881,22.64756025165958,13.563844456914424,31.11876416603149,18.758219242066595,15.085067721360078,9.141810010048552,18.90975834357339,25.060540331216515,22.406679419622748,16.65469048599079,13.83339968567546,9.232320171299175,15.090128026773751
ENSG00000101846.6,3.044768693855829,9.266827080307534,5.242123080717029,4.284043441578236,8.423620181431884,5.470406305218784,3.7457912389140176,10.185085937137774,7.652457170170724,2.923241347097018,4.030206318911674,8.925111136924462,7.853747019121926,3.270331059973121,9.471085804305519,2.3252269907828436,2.968774717049877,5.414518198736514,10.495939747116415,3.1617826318686757,5.408945738904843,8.823912470245913,5.3959171687299525,6.134355229874778,2.89802500119967,4.804239463104056,2.814187456031715,4.7666199878048845,3.3447316239196776,8.040133927733837,5.642899495579762
ENSG00000086712.12,3.8841731571041906,7.399784242928733,14.91396050395052,8.41110933043649,7.537883063190175,10.411987168572418,10.315277604320848,8.775238893066321,16.71129589705979,6.870539098746849,9.020393510921684,8.524154341874763,9.876851349736585,7.989123594753546,11.777560560991502,7.716824717003641,8.783399030078018,10.066830354641244,9.715995479915097,12.626586526946134,12.706021784016052,7.7755006600258065,13.88868041824484,10.706977082596302,8.229277076025314,9.645288559399562,4.491383395067584,6.577230942093797,22.370579742052463,5.251839806526748,12.168195139292296
ENSG00000056998.18,0.10974726480604115,2.4771940702814113,10.716768752025416,70.60155901101619,4.580103023382258,17.808019633293473,3.4276482569519575,5.879221799274857,2.6264211807741993,5.190097441714052,1.1184613825126934,1.00322677815593,7.9396902216685215,5.312175677371563,5.550417980090583,0.9202680443513392,11.057152977484222,2.8286634921421108,3.395009332205466,0.22820099570906394,2.1255619355331237,2.140436871479431,9.736007826890216,5.358048800015253,1.1485414923680854,19.88976227842903,108.03732880020236,10.406566864455835,1.3363508418647105,11.083320194888193,6.582084314927678
ENSG00000165509.13,0.002249959640585082,0.026754541190217702,0.007904685934353575,0.11441549591859856,0.02937505071743273,0.3078682096006837,0.04644398675483764,0.2339275606933103,0.02138466822738245,0.1566864066945168,0.15642159460417634,0.1909462544716303,0.21772803940738536,0.07506447681806881,0.03238877652309051,0.015846078681494125,0.20266599385581407,0.01802971476201618,0.024500173400323805,0.004200066533559501,0.05049416516395165,0.036000028959874454,0.004884521965829045,0.12280025520302967,0.0381931296996561,0.09896371533118326,0.003799955306075844,0.03287496190842159,0.035883370585408095,0.29133481689134355,0.0659910631284472
ENSG00000005302.17,7.256020112108205,18.255045950439907,17.78425013630277,16.311471711302456,17.471310288254152,18.47109080363631,20.420899397606057,17.86059334365297,22.72256540485835,18.549593423665847,13.732893792018217,15.048670357570941,21.290982849723353,18.54970000768272,20.435992431074514,14.978735968059674,19.113792239255602,21.612435025855824,15.900394130465987,32.26467636305247,53.06386953770885,13.44375664972077,17.187767402587248,10.690754812816682,29.678868673463477,22.01349249821763,6.708236215525599,13.99356987719159,8.869126974162834,6.755421374430172,18.577326660393343
ENSG00000205667.2,0.010374971243112959,0.05137764765234485,0.08600042955391929,0.04044091928537398,0.10562538990493309,0.0065665861836907355,0.19152393957671315,0.24744690807497663,0.053692222197466014,0.20112573448306592,0.04205973512707973,0.003005471929069569,0.00700716135353352,0.26197833610155813,0.08711109873889232,0.04903854973102262,0.11007342122853449,0.18255054124883513,0.04299974643526594,0.0029999314876956594,0.0044177938758214585,0.026278020904699818,0.11525237656682288,0.004399908151938673,0.018894882751977534,0.0038703571081643924,0.07819958037828838,0.004124929887098356,0.0009999891070171009,0.0029166172055674292,0.3660158219499535
ENSG00000158423.16,1.006619363297866,1.2532937722682367,0.9045748665622585,1.003238342710803,2.1463754544372184,4.088721297819999,2.0279043964092316,3.24227353252282,0.9663861871035082,4.210530323207155,3.714657059189705,3.240588454793317,2.296896955020737,8.496001796911218,0.9646109113809614,0.8115372168915973,2.74839747762129,2.7373113948720635,2.313021893518182,0.9417989132558694,1.0159391124662378,5.129544557839572,0.931669711850483,2.8099981455403533,3.3458993018644376,6.904681731219416,0.927798818649886,2.5272541851551567,3.1812246358970637,0.6393340130192239,3.9664405718811113
ENSG00000183862.5,0.015374932542991604,0.009962250247920301,0.0012380760116689395,0.0012484290357614586,0.0011249847319593155,0.0014555302415598659,0.037774591000641275,0.005209210092196079,0.007922897427548927,0.014725484499989953,0.0015706288768133178,0.0018790848816148046,0.009633081637992123,0.043499685644728954,0.0017638549961529351,0.0014615131725447636,0.09748187863652101,0.04195719978825436,0.0009999891070171,0.005400038804140045,0.0009999891070171004,0.0016944203914796008,0.001236203417943452,0.0011999821069246428,0.035034610161290086,0.0023888293841528214,0.0009999891070171,0.0009999891070171,0.003790601619364485,0.0013333174610664555,0.17293848399932635
ENSG00000183943.5,2.5654086824054247,8.010770688747156,10.334823082577495,6.930881556957758,7.696385295926066,15.585378503568908,34.16090367171641,8.269367757280762,24.00792736203937,22.128373999377025,17.133087670547212,10.507229536628323,5.386689431071321,16.62829059072037,13.833904161792141,23.34634058925449,11.214496848845453,20.839512595593526,12.24195498307057,9.002207868154137,35.29636331682618,17.7624826135408,13.453803126500649,1.9460427381538332,16.830524900518796,7.9852544472086455,5.962592761069363,7.446597070100696,1.4037911506993839,2.6944981776543617,9.819925125213032
ENSG00000124486.12,19.269150260782204,18.470924855274507,22.46595863827143,21.886949883220666,19.51323263059061,22.88157857476031,22.157747820729032,20.414567825978835,56.526716078944176,23.681781531710673,18.69107542849273,24.671375475488237,28.168736765188562,16.352614879582703,30.153098356586796,23.179813543045846,19.58989907862913,20.41687757261138,24.148851442974973,15.227917362185133,36.88691610593574,21.999920759590555,22.32987872418224,15.38245386754432,15.451309042125667,21.06664380701386,10.55821143748564,20.927733315267893,18.828940325653218,14.984810224997831,28.260214137506296
ENSG00000189221.9,36.72484906426288,55.150299902493785,41.24865317859495,2.5480834789263396,23.113372296476904,20.677405595612388,36.99836557479866,45.79346053133972,25.188000371116352,2.8404124542912244,127.70646752123028,33.22779916274773,14.486868591921287,8.412223777740854,20.200917744212077,25.793107773063603,5.064184084768474,25.87110414310176,61.89495823434862,0.6634030633585837,1.165046825242978,36.84790965285614,44.03250527339635,9.183341127945697,29.195118437800367,13.957705847599705,0.5154054176757791,3.632895596126975,41.963150893502515,47.13027372576707,9.764015436173263
ENSG00000102387.15,1.8822507845659144,0.22405029155334782,0.07623718539957071,1.2892631252023758,0.09512501882201484,0.15466665940045532,0.39205109630606294,0.2765905481103053,0.2633054928354107,0.20139232271950708,0.03238579109870813,0.0826478620624928,0.9183764786096692,0.5538340674392581,0.2471791975018849,0.20076949998133747,1.007491790370662,3.4167518307097065,0.10949989439028902,0.03820048242982343,0.07720247259363194,0.06745857502166484,0.10118347103019873,0.104099998151966,0.6432802979947742,0.267298753028673,0.06700032238452847,0.18724836587701352,0.4837874274930833,0.08983317496775159,0.18569811179214413
ENSG00000046647.13,12.087914861339899,15.726739439234027,22.276636322871198,22.29291696695572,19.131019809626817,22.167954673182194,16.230695800647187,16.799120432102388,16.442150881435158,13.550009935739686,22.27063487863506,23.041644976409682,24.036416929143577,18.770441269046845,13.654056945154304,13.985793550808076,14.859656881113027,20.481011005872226,31.211335284984607,22.466077566355395,14.402714263283793,23.801995136721455,20.221397343675985,17.10680276266315,20.754312606429455,25.580103047639344,26.162829781740232,23.420492506533904,17.14132391019797,9.991012536374843,24.20022107380479
ENSG00000169297.7,0.06599873195522249,0.9084555244305249,0.023857236773830268,1.237079979763703,1.7496386127662986,1.8626251380143823,6.419199854074383,2.55200073005839,0.6029288511857659,0.4053145325457123,0.17465748582240131,0.24707294329337995,0.4167549672186172,0.48813678042031977,0.04836052257923781,0.38200373000318094,0.6554486428684252,0.4640689230949188,0.049500620478741,0.018600200221119623,0.43820656683696374,3.936338992350847,0.02643328749255973,1.1709567274959378,0.09468362199807132,0.9889494216462822,0.03340058629019399,0.1416237322431023,50.44328451919255,0.3634207362905066,0.3902044211857292
ENSG00000046651.14,16.744686947252593,27.13691530373866,29.66937301080082,13.631080332491313,24.127304591964332,18.124143035071487,23.650289183527068,22.18007680566106,20.626647051025408,14.632710641342737,27.668625125058448,19.800924457010296,22.82094812719928,36.633699912498486,15.434654228192658,14.024793716942368,26.051737802771463,32.14069591373229,31.35562041110102,24.90959932955524,32.00261823358168,22.56977244602287,23.106119031332266,15.102292613203595,28.077837394361325,16.428002350629736,6.558622583958988,18.2946452142899,13.949571856091795,10.656583613287179,26.394466394611033
ENSG00000130741.10,39.443874934279094,84.44180719412877,131.15559437470728,99.07622535155036,75.65367919983187,61.64801808562415,112.86768367975398,93.64804450246761,124.77931301722968,82.3411283837804,72.20647980286476,99.5918731532758,108.79256511855051,91.44175560345907,100.66023924084426,88.90402479451149,97.67163420675072,101.57162931685096,136.0264352963848,122.49319173892428,166.99807343219763,73.97042639980798,128.32688997222732,45.76021949553057,93.98990460236733,68.13692191814877,91.53475915161236,89.44566893382164,58.033275857305696,52.98268004402247,128.26606478394402
ENSG00000198034.10,716.5406041952793,1095.418330851946,2229.3682739431815,1638.531223716009,1217.6327325889674,869.8512476475047,1323.0289785448574,1291.7390039153852,1165.54349178916,1829.037572218227,2207.233119158642,1289.0167618121516,1460.9437295160203,1627.405639487543,1329.6201613864723,1143.5955068202195,1669.3255000609604,1337.2114307135475,1654.0147342974255,2428.9588408162326,1787.3400563792106,1083.944593877616,1995.4358514143341,1011.1191587142351,2227.0108783920577,1197.831045635317,3031.1498542786035,1627.6250679258342,920.8066786933068,763.25443592888,1581.7731645464874
ENSG00000165194.14,0.1341259156408542,0.9438522771272958,1.2157845780646417,0.14808237991849887,0.37775011528882074,5.425742260053531,5.116505895802353,0.30004351396087575,3.8301782355289125,10.09134575828424,0.12627160338567772,0.1943520155053709,2.231398981944923,6.761410778031532,0.3245079261510997,1.3149597022288455,3.8961900707339994,1.2967282678673087,0.3719972152663499,0.045799339719168636,0.005936610227270797,0.0880140729729299,0.7665233988335811,3.4154098143352014,0.9048647332669407,4.425457966433001,0.036599461982943435,0.37974960547070097,0.3705399177152343,0.07666631539086874,1.9527655956540375
ENSG00000124313.12,14.374169633701767,11.792156108928905,10.63743422202723,10.0741509867459,10.527518410749021,18.26853240225738,8.797965877690157,12.090678948479562,11.243237603077226,15.509892418232683,11.089163193793024,13.999551199034427,18.020045618849032,12.101651465325325,9.93544787502189,8.668269211036968,10.597082021798789,11.282941806164938,4.749060510528532,3.7025801678283385,5.983026873053043,15.583565311911421,9.956041011385704,16.734630286902743,6.907973338494693,12.255980475176013,11.323800413207557,16.657168472485218,15.477508723180076,1.6566629527256125,14.857370216817767
ENSG00000147050.14,8.057238786659582,15.423931471498513,11.707680606707083,10.691922236310289,13.921505385827942,12.025843935345856,15.025016987538075,14.47579674369647,22.377322443909698,10.015194568152566,14.287814089243101,13.366616485816134,17.562073722471087,12.370318006200351,15.116636698692723,12.382171266206631,12.715765210948188,20.52377720765234,20.582997422682872,9.247765450280543,46.09125404232794,10.649795750984831,12.170408605899276,10.280489506671497,19.43019883124433,12.019482154982951,5.995765144164997,16.270411859370483,10.854508228856648,9.23074397378047,18.51707915981621
ENSG00000198753.11,0.21975169371742614,12.482422522489852,1.5455080274886603,30.195773482742236,10.063852469498354,71.07310643548772,12.253274653658856,13.04091824011353,14.606089090677985,2.1216590586542683,0.5197917564843665,2.1968503124884284,9.76245701661369,4.259982113509017,2.923883702464707,6.6113791591522,3.396737909534102,10.301455451312181,25.937836861286723,0.47579577586560523,1.1230267911427048,2.7798047427756116,1.531284826352182,41.24179396721368,4.232728422078209,47.188964963780066,8.01104647085896,6.357231228239369,27.067835708429126,3.760241379552192,9.962963663926377
ENSG00000238205.2,0.15287415426872608,0.017320976717556183,0.031475773409835886,0.016900541451263348,0.02262491345825727,0.013133429884331995,0.01156451723089653,0.09705595627246906,0.7071722970849581,0.04198098047386369,0.03246738256642721,0.07424168996901276,0.07312200033368794,0.27639227654661114,0.01558321234568068,0.020692304188779192,0.05007381061730006,0.029597421700308244,0.0009999891070171,0.023399711346138857,0.04403802085932574,0.041694474214078965,0.038454262058803916,0.027100188160830648,0.029595924442085714,0.016185562525839015,0.018999997813215878,0.03162532805151028,0.01704625338296226,0.013833286916804018,0.02070925366124948
ENSG00000101825.7,5.092973340552098,15.693173392222027,13.532364464334943,7.507652309376023,46.7421885847758,1.3525902947187483,31.364200315271454,18.15205625084258,38.657133815694294,25.393373841415535,21.641416074909255,6.941324354646812,59.37787772505165,8.223122523250856,41.18744661365095,30.07278772628407,23.200657047784393,20.66407106490671,6.648990990214623,9.826632993112982,0.21644282716173732,11.78448484735886,15.942622387509735,2.3964494793496938,12.85216476872149,4.178330413812332,0.8054005385607609,62.850594488142995,10.883379159085758,0.9733349238295487,53.910005722864845
ENSG00000006757.11,39.346243130618966,15.735681233270158,26.931632771542475,23.887401931414583,17.521119561065326,7.272197819715611,26.312981218456137,18.873503055082672,17.047938973116096,27.815442851317187,25.511263054085944,23.46047229444672,20.243071248092775,16.31123248088852,16.592416860601396,24.00314220337831,16.55809328020537,23.348783855797212,29.895388817104852,11.447778482007912,9.015929200399471,30.36358737651923,24.329149462809543,21.503881195519483,27.13742644854372,15.219672979680425,30.632911095652766,27.67002776861906,30.301080376549915,19.534060639748095,27.02778057021
ENSG00000123595.6,37.34429238124543,23.401426757584563,23.88338974618505,30.373058251255667,24.377778038578676,39.78704351286915,27.574057352638544,24.349321520649177,31.50484425048228,23.17003857985191,20.94227849777975,27.97243669733796,35.7841048072066,24.098693957857773,23.636903645972453,27.262844078602495,20.186315949595457,30.2181471609966,36.60397375746189,19.543321277312867,15.618828485251512,31.834028233266963,21.754456614379272,13.236301734132162,15.570794176921138,45.74971335684553,20.061353515829296,23.947897450015162,45.39293897809215,14.84882013590424,29.128541458019864
ENSG00000198798.5,0.0009999891070171,0.008264123149229915,0.0019523476087831804,0.032242094355494855,0.0018749742265761122,0.005833285547260769,0.015636967667443068,0.005318807137749438,0.010999797381805464,0.03287683095127035,0.0010543350309050168,0.0015494241926916686,0.01614408082202297,0.005022306935680641,0.013291580678410084,0.018076905555206725,0.10081594449555509,0.0016270590507417753,0.0014999716067859597,0.00940004771221819,0.0009999891070171004,0.0018333075934478026,0.0020104882194104004,0.012449928671491863,0.002578900721102834,0.003777785616615665,0.0009999891070171,0.0016249672317281748,0.08146505644440233,0.005499986765295007,0.006593660626062279
ENSG00000147183.9,0.0022499453564392507,0.017792291170117353,0.0009999891070171009,0.004726637430302569,0.0027499720911803383,0.00955557028833287,0.02354030760897695,0.03711936459446026,0.015615393566087968,0.029613478007786062,0.009668421675676041,0.0028681308953754166,0.03366176193889536,0.05317873137891534,0.003569391800519661,0.023769118020174142,0.006925956191633624,0.00999330752489205,0.0019999655338714855,0.004999969662304705,0.0018860883467911606,0.004194420192585348,0.003650875249735673,0.0024999698410086394,0.0039823810796025755,0.02062943382649994,0.0009999891070171,0.014124901481008503,0.03890674223887149,0.005500002854046137,0.0033563066785088744
ENSG00000176896.8,1.1703740755868732,1.0524156445104007,1.5207658248610305,1.8064616817679353,1.339997684789702,2.130419369019222,1.7238996125529997,1.5780259457648282,1.6813897321395035,1.4825155407077972,1.6544939851436191,1.9165482114404473,2.685024061832631,1.4894487484844483,1.493641769806843,0.9429997715930333,1.8508199468684612,1.5578319615110126,1.7700105389726795,1.836993259821254,3.4141563515822737,1.3942645529864124,1.2975659522693714,1.9667015646354096,2.7871353286792853,1.9913821432706689,1.1906045896909347,1.1203733140099366,1.699380729141224,1.1891702625508058,2.6492311713131462
ENSG00000187268.11,0.01912475504698877,1.1363217048684713,0.03004790826462052,0.15858160027250678,0.012249938077940229,0.013211018311313365,0.4086180055580733,0.28745885808033067,0.01061517190742244,0.09087396801247596,0.013296076854274369,0.10841774084411793,2.2983376153131148,0.647608934226639,0.0494025664597869,0.11099861379882861,1.2500504410896536,0.05139662845996934,0.010499851473954283,1.852145705384167,0.03973412732609657,0.17392154648850483,0.012981558795814523,0.013049836617184887,0.013105259917281719,0.024981035878107072,0.0009999891070171,0.08474946600604923,0.017976526253907596,0.05933373640526062,0.2666984746568059
ENSG00000169895.5,19.460476811313868,15.173750138675606,25.652874109446028,17.482965715951803,16.837330692747905,12.584343608465293,17.722762278214624,19.049222139567238,22.782500389810593,13.240718151815836,13.362990037372333,16.87810207412326,20.461295395434355,20.245074185604306,23.72611458143317,15.30030986431236,17.889665064319846,18.1824110408671,20.826328808979085,17.95582407850513,14.217802935529438,19.680285616209368,24.884121420623558,12.904252974675977,10.231178102342836,14.374289690161955,8.643832465805184,13.827836093061695,27.97705231929134,13.65573878053067,31.64566543432421
ENSG00000169249.12,11.174167089080314,14.992597660934736,15.110335363095352,16.461320415565524,16.032922846907205,15.106167337851655,13.118818173194889,13.507979663793957,12.617893755588856,7.794640202122763,20.187259915351486,15.344617742841427,22.838588703613176,17.578259474213173,12.193636453468129,9.52285550283618,13.96214671643842,17.418777431523445,18.928370531200592,21.005618391605232,22.9277946927624,13.941478522802027,14.192976164627595,18.056777820637596,24.422862654485783,13.59308692386471,10.941810232826965,13.776661611017737,12.5131151934556,6.87866755302122,17.617088205461215
ENSG00000166049.10,0.0009999891070171,0.23018105595219027,0.0031427903561315963,0.683046610776865,0.004625012344562252,0.005388781422432588,0.4270954971769382,0.49665732200077223,0.984078646050774,0.324359569073337,0.003758103541133209,0.6765817412296773,0.18081891723889348,0.5643983699310635,0.7120054666058334,0.07738579676411168,0.718584128108878,0.0449608746875657,0.003499941731082105,0.0033999372060841905,0.001506329971206048,0.08822406727298328,0.007574671565540317,0.0022999481773427997,0.32608233424465993,0.006370262012764716,0.0009999891070171,0.005374886136520507,0.010767467081490957,0.08108342679053032,0.01529425659709579
ENSG00000006756.15,27.667539050852746,18.85350438676341,36.21110552046181,18.907870787374744,32.66869872711607,5.190057300273044,21.710956728021053,45.8191947668967,17.633728896670338,19.90465480351767,35.536921524553996,35.78725125589294,13.312014619421491,30.07646158088161,21.38960227659949,14.89151229924522,14.25620676595455,22.500265644280265,37.641942472849074,3.1850001384351985,33.462175683385105,52.81704204888364,34.91441180406746,20.298822043526535,13.879589403875583,13.706693709912795,28.610566464145407,18.332808500297922,8.353348481843378,17.971857756097638,41.580264659454684
ENSG00000171004.17,0.18224677350667237,4.335014874732165,4.268846889300237,1.196899447088247,0.756377237462771,4.734503809888073,6.942945604126235,13.613226018117281,3.722537847392343,0.7426797846875832,5.684297123255709,0.30294717496878043,3.1900148675049147,1.9255515872014295,1.56127333273525,4.776698821209136,5.975437676790504,5.255825691956933,0.9995106708953336,0.09419999664851987,0.046822618728509444,2.1669017125179657,4.92930282420276,18.698241060024827,4.115752629680673,4.287158840610688,0.08139994839065334,0.46162004482791663,0.4898424281291279,1.3878395399106023,2.135509087331587
ENSG00000180182.10,12.266633779507945,14.849203494977388,25.69668738465895,17.317715848616132,13.523645613908972,15.37364694355703,19.521497955251988,17.92172194826943,45.611135089518754,15.66031827764826,13.871694861371836,14.700780026094252,22.09481167485071,12.946550524504545,30.151167759718955,18.64258245564056,17.269389370283868,20.253016585690677,16.905528497255528,16.033377534361826,38.71831000640389,13.73051799514593,25.60724777279101,8.214798772882501,13.519755439425895,15.479393361187581,6.5590034076635,11.567776282839388,8.589857475588037,8.014679895727173,19.80784680859114
ENSG00000173674.10,39.56131148246369,46.977202958057205,98.31268204644373,45.72392249718374,40.40091626760729,52.70742021071953,69.74447137139899,48.50203321585375,81.85800436626111,47.8183209376719,39.01952094363844,51.77618116605869,73.50373368537107,48.66313850179304,68.97110714995807,64.04718850753041,47.251467911950385,64.54726952825912,47.03747896397366,44.590834691923085,53.670093989159255,38.604747873138585,90.77756294238343,31.28654978314311,41.253566198120964,63.128379510840695,20.44102319945918,35.58446349128759,41.00011408945173,33.16947029642847,55.56221244999001
ENSG00000186310.9,0.37974643454491586,0.797162069669081,0.7610040209792488,1.4098799329383112,3.345995856968294,59.54324969313198,1.0495497791069666,1.0652217839940201,0.531003749689937,1.228046832443405,4.488889173639299,1.3360608328649977,7.442606941071205,1.2429508139017145,0.8351985558859059,0.4768062919919949,4.35507688381168,0.418226258579868,0.7445029069171742,0.49139990051293486,0.3782174831772465,2.997383852443573,0.6455276630994413,39.14707548038773,2.0804864471042035,17.24367355402345,0.7434040642248612,2.4897780390688977,9.880757835186023,0.3527497339216112,1.8409004030826028
ENSG00000182287.13,16.288437889089483,8.367581944466028,13.560443375525137,227.61267227605614,14.582245175814709,44.45459745278483,19.446241039546397,15.583417546901469,17.808724999336217,18.087291950133512,14.337953547716927,24.35677891406867,42.403611817917685,46.30239929148019,16.965950255314034,12.377581846170756,35.358286450364986,13.768919712889055,20.21381500520899,29.743230765995477,56.949216896298246,14.151114472887055,12.92482808678947,39.96980686860709,12.478590556565505,91.24206001754659,161.89242838764326,10.555326739309928,11.544323185495536,4.780593472937083,21.762097691161
ENSG00000147246.9,0.0009999891070171,0.4906231471332277,0.09123812588693278,0.23031648876544078,0.008124822769455715,0.5950997039218466,0.6737424481120419,0.2433292197084788,0.7598500303480763,0.159936172332504,0.0019510480610233159,0.005203258609323465,0.07024387997187671,0.08802480573220141,0.10270185798679841,0.25561505420364194,0.2089655760137719,0.05809591678312306,0.0024999366063236804,0.0033999463479375226,0.00125314769609416,0.0333608287065625,0.04098681187164903,0.10239773872981164,0.4125736525285724,0.06859187477933028,0.0013999751068321884,0.05037598159733756,0.0665806084807968,0.02616662615653713,0.05115144850509151
ENSG00000126952.16,0.03912560245334838,0.004207507902352662,0.003618985931752729,0.00646578347254818,0.020374899945844228,0.06955557354836964,0.009790306199082366,0.010817486695508452,0.011384679048664411,0.01175624822732328,0.01415206884345418,0.06981864323140353,0.011863220475106219,0.015441283402845882,0.0093332602531821,0.002846139824592969,0.00674067323364318,0.007633606557731146,0.01849994873952483,0.0065998755884881235,0.021000148337606515,0.01912481902590936,0.004503899221614219,0.07394984033069824,0.019596418513357347,0.07924022602249652,0.0013999751068321884,0.012249838940977503,0.056813929789387284,0.017833278491107742,0.04629094477410298
ENSG00000102362.15,1.5935049974521207,11.608896481960176,8.047396215106536,1.9827950421125211,13.369143723215306,41.588741140405524,5.3442959101341145,7.0737880355677945,4.934465533134269,3.677479923418872,6.743207199335321,5.348563664707154,18.53904045921799,4.365097235807756,5.993888119840164,2.7168015909994834,4.504475927272619,8.330808090850825,8.278025946189603,3.8057977385048942,4.227099504058547,5.095588685380015,8.598878256941294,9.996254053310487,0.7397732803883781,22.77466369415408,0.39739838961105717,4.654147161296892,1.7114677660489344,5.872402364519122,16.637664792949455
ENSG00000269335.5,13.658465044364373,21.872607018307214,15.959155925782433,20.47998402220994,18.748290373341753,19.354199209787872,22.99776332112436,22.29466696711739,16.62028638566076,12.509615090989898,13.485429328758888,13.112048148831908,28.583276937107335,14.29555010839705,12.505382163909953,24.094302432208842,14.767853361822931,27.09151645031794,24.52503996879125,31.378972469541125,15.857809187782523,17.023987676691895,15.460542335118474,15.027843134161696,26.31326700453254,17.07750749687303,11.616559723555682,21.650444848718593,25.446530454271535,26.254955717168116,15.78863910892991
ENSG00000046653.14,0.4366248730458466,1.884370067976744,0.8529049380198023,93.93371039480743,2.557727470722065,660.1002750206634,4.334828328686426,2.794749948920982,5.149549253207478,11.086791395905225,1.7683796946199308,1.4166907280347232,9.427902380225857,13.028244911437449,2.383421312775697,3.7881224452853295,14.71426702833347,2.5323711426302986,1.93901421707887,0.7937887041822579,5.58925266598914,1.8288443767152733,1.07458746207655,4.864452277187306,0.6876673517221061,464.33715875552235,70.00126010274201,1.336000188332684,0.5975086222047948,0.21758384942244105,5.9878387714371515
ENSG00000102243.12,0.054125650071645076,106.14293925397536,0.20456993632304218,0.10721244963879283,8.903891194004858,0.024622239474997542,5.681599103831049,6.883785846705671,2.6402576281128156,25.870971948715248,2.1591430355735857,0.1403939793742199,0.025892149874067735,9.131574562502125,5.012185411675253,3.088115316706001,5.180081716212594,7.605144653035682,3.143981548909384,0.024200347711071754,0.0132785903678038,3.4520852279294236,0.3739132638547035,0.09205009851104748,0.36030025509516656,0.01757413108928799,0.005399892348834686,0.07287484757191458,0.015186249908494227,0.5651672976802937,15.481235361527938
ENSG00000196459.13,7.169144310263415,7.845733706490167,10.19287254906639,7.611496641414047,8.129133599525655,12.237637648281062,9.640366446052765,8.556319199986191,9.214476220621277,7.442137254604123,8.51235803352279,9.105907267521133,15.68415957154327,8.988073089528182,7.859784938352915,5.244972927583446,8.983959075675562,9.001064175760105,11.653503908896864,9.527725082905175,19.0196301686593,8.441689021914911,9.327359160230127,10.917041268410436,11.319061944088602,9.99861616986476,4.298207414812491,7.074151180807355,7.502124860508886,5.239905916653919,10.15288869593611
ENSG00000102225.15,120.64889965382928,86.86398565332624,68.8499593701697,84.53400765753892,54.363973100225564,75.36899613547082,94.78958798395135,72.98693812323276,120.58489515401992,177.0132791009063,70.50358562770269,59.60404351163108,123.18502125341374,128.79401722322737,95.2224112099604,69.55468925218425,134.41930067963096,94.75229300184952,72.11640428170102,37.45508317529169,56.584664842690785,88.69260121147028,68.76680180731904,48.72550494794187,51.68716044106664,99.23058962652311,60.141671586343,76.12873212812666,70.26836891160247,36.99258325625442,85.09045885991675
ENSG00000062096.14,0.008499810390476585,0.08015107540577346,0.005523754143217106,0.06969521436418884,0.03637482223657276,2.122534015027295,0.18253272424095174,0.02593924137209429,0.3075449803545905,0.02097199920206166,0.454630541601972,2.8521666356130058,0.34384304954816663,0.10717364427319451,0.048117872168414205,0.18803719487662976,0.09285206868025525,0.6642669869903808,0.06399954705280425,0.009000005934052565,0.027203023822514914,1.4825841025158557,0.010199434524613261,6.766097572499554,0.10836870059103822,5.300265668894212,0.02540022323472759,0.12287458626668082,0.036813871965029686,1.8779219356634393,0.08952247315363948
ENSG00000069509.5,23.960358670859378,21.58927969048655,20.22222104724054,20.323893403833097,19.53079920789285,24.255301799309212,22.925090943051956,21.02087665032778,14.74678404324112,15.073280730831643,19.10817736770933,21.440212851093868,23.575564476045077,22.102669006040443,16.641489677373002,14.264603147693832,25.99683075847091,25.355268595075625,22.414070169137844,18.722510421035928,11.15799150657181,21.33292494262791,18.532072016491057,34.25264978772058,26.182919463264373,30.51137831884972,14.403008070766639,17.084706719488388,26.040776317953444,9.712695782508199,27.4041757195925
ENSG00000213401.8,0.022249715269336955,7.983040638972191,3.503071398086359,22.708377028196097,0.2721207664687141,0.2336995307544461,4.815344117722384,2.8698784975286675,8.487485027149974,0.6804417349153613,0.011624900450736515,0.03759345173951449,2.8975064042506666,0.7204999156607517,6.273388515383455,6.277401698585089,2.589512023706075,1.8463266853934708,1.460516851153877,0.029399343754549147,0.0009999891070171004,0.7179230377885975,1.7117943608985353,0.08190116911622188,0.012052608056965274,0.6475714845123322,0.0021999562483156977,0.030374490218603327,0.7859028499185591,3.123235569908027,1.4584982526217274
